time,flux,label
0.000000000000000000e+00,1.000765800476074219e+00,1.000000000000000000e+00
2.004008016032063962e-03,1.000283837318420410e+00,1.000000000000000000e+00
4.008016032064127925e-03,1.001245498657226562e+00,1.000000000000000000e+00
6.012024048096191453e-03,9.993433356285095215e-01,1.000000000000000000e+00
8.016032064128255849e-03,1.000919580459594727e+00,1.000000000000000000e+00
1.002004008016032024e-02,9.999795556068420410e-01,1.000000000000000000e+00
1.202404809619238291e-02,1.001217961311340332e+00,1.000000000000000000e+00
1.402805611222444730e-02,1.001300454139709473e+00,1.000000000000000000e+00
1.603206412825651170e-02,9.987767338752746582e-01,1.000000000000000000e+00
1.803607214428857436e-02,1.001943111419677734e+00,1.000000000000000000e+00
2.004008016032064049e-02,9.995417594909667969e-01,1.000000000000000000e+00
2.204408817635270315e-02,1.001956820487976074e+00,1.000000000000000000e+00
2.404809619238476581e-02,1.001925826072692871e+00,1.000000000000000000e+00
2.605210420841683194e-02,1.000863432884216309e+00,1.000000000000000000e+00
2.805611222444889460e-02,1.002133488655090332e+00,1.000000000000000000e+00
3.006012024048096073e-02,1.002358436584472656e+00,1.000000000000000000e+00
3.206412825651302340e-02,1.002942323684692383e+00,1.000000000000000000e+00
3.406813627254508953e-02,1.000104069709777832e+00,1.000000000000000000e+00
3.607214428857714872e-02,1.001878738403320312e+00,1.000000000000000000e+00
3.807615230460921485e-02,1.000962257385253906e+00,1.000000000000000000e+00
4.008016032064128098e-02,1.001731157302856445e+00,1.000000000000000000e+00
4.208416833667334017e-02,1.000966072082519531e+00,1.000000000000000000e+00
4.408817635270540630e-02,1.001670837402343750e+00,1.000000000000000000e+00
4.609218436873747243e-02,1.002502083778381348e+00,1.000000000000000000e+00
4.809619238476953162e-02,1.001357316970825195e+00,1.000000000000000000e+00
5.010020040080159776e-02,1.000262975692749023e+00,1.000000000000000000e+00
5.210420841683366389e-02,1.003588438034057617e+00,1.000000000000000000e+00
5.410821643286573002e-02,1.001679301261901855e+00,1.000000000000000000e+00
5.611222444889778921e-02,1.001542210578918457e+00,1.000000000000000000e+00
5.811623246492985534e-02,1.002864003181457520e+00,1.000000000000000000e+00
6.012024048096192147e-02,1.001873731613159180e+00,1.000000000000000000e+00
6.212424849699398066e-02,1.001503944396972656e+00,1.000000000000000000e+00
6.412825651302604679e-02,1.003590822219848633e+00,1.000000000000000000e+00
6.613226452905811292e-02,1.001464128494262695e+00,1.000000000000000000e+00
6.813627254509017905e-02,1.002244353294372559e+00,1.000000000000000000e+00
7.014028056112224518e-02,1.002687931060791016e+00,1.000000000000000000e+00
7.214428857715429744e-02,9.997273683547973633e-01,1.000000000000000000e+00
7.414829659318636357e-02,9.991710186004638672e-01,1.000000000000000000e+00
7.615230460921842970e-02,1.000088930130004883e+00,1.000000000000000000e+00
7.815631262525049583e-02,1.001435160636901855e+00,1.000000000000000000e+00
8.016032064128256196e-02,1.000588059425354004e+00,1.000000000000000000e+00
8.216432865731462809e-02,1.000529408454895020e+00,1.000000000000000000e+00
8.416833667334668034e-02,9.998181462287902832e-01,1.000000000000000000e+00
8.617234468937874647e-02,1.002251744270324707e+00,1.000000000000000000e+00
8.817635270541081260e-02,9.996709823608398438e-01,1.000000000000000000e+00
9.018036072144287874e-02,9.993560910224914551e-01,1.000000000000000000e+00
9.218436873747494487e-02,1.001032829284667969e+00,1.000000000000000000e+00
9.418837675350701100e-02,1.000702381134033203e+00,1.000000000000000000e+00
9.619238476953906325e-02,9.996850490570068359e-01,1.000000000000000000e+00
9.819639278557112938e-02,9.980537891387939453e-01,1.000000000000000000e+00
1.002004008016031955e-01,9.982338547706604004e-01,1.000000000000000000e+00
1.022044088176352616e-01,9.979637861251831055e-01,1.000000000000000000e+00
1.042084168336673278e-01,9.983961582183837891e-01,1.000000000000000000e+00
1.062124248496993939e-01,1.000215411186218262e+00,1.000000000000000000e+00
1.082164328657314600e-01,9.999458193778991699e-01,1.000000000000000000e+00
1.102204408817635123e-01,9.979380965232849121e-01,1.000000000000000000e+00
1.122244488977955784e-01,9.975377917289733887e-01,1.000000000000000000e+00
1.142284569138276445e-01,9.990640282630920410e-01,1.000000000000000000e+00
1.162324649298597107e-01,9.988044500350952148e-01,1.000000000000000000e+00
1.182364729458917768e-01,9.974477887153625488e-01,1.000000000000000000e+00
1.202404809619238429e-01,9.966315627098083496e-01,1.000000000000000000e+00
1.222444889779558952e-01,9.953860640525817871e-01,1.000000000000000000e+00
1.242484969939879613e-01,9.981804490089416504e-01,1.000000000000000000e+00
1.262525050100200275e-01,9.980320334434509277e-01,1.000000000000000000e+00
1.282565130260520936e-01,9.977561831474304199e-01,1.000000000000000000e+00
1.302605210420841597e-01,9.981659054756164551e-01,1.000000000000000000e+00
1.322645290581162258e-01,9.974380731582641602e-01,1.000000000000000000e+00
1.342685370741482920e-01,9.986209273338317871e-01,1.000000000000000000e+00
1.362725450901803581e-01,9.978812932968139648e-01,1.000000000000000000e+00
1.382765531062124242e-01,9.980431795120239258e-01,1.000000000000000000e+00
1.402805611222444904e-01,9.962934255599975586e-01,1.000000000000000000e+00
1.422845691382765287e-01,9.981558322906494141e-01,1.000000000000000000e+00
1.442885771543085949e-01,9.991556406021118164e-01,1.000000000000000000e+00
1.462925851703406610e-01,9.996563196182250977e-01,1.000000000000000000e+00
1.482965931863727271e-01,9.975066781044006348e-01,1.000000000000000000e+00
1.503006012024047933e-01,1.000198245048522949e+00,1.000000000000000000e+00
1.523046092184368594e-01,1.000181078910827637e+00,1.000000000000000000e+00
1.543086172344689255e-01,9.981101155281066895e-01,1.000000000000000000e+00
1.563126252505009917e-01,9.982334375381469727e-01,1.000000000000000000e+00
1.583166332665330578e-01,1.000564694404602051e+00,1.000000000000000000e+00
1.603206412825651239e-01,9.994078874588012695e-01,1.000000000000000000e+00
1.623246492985971901e-01,9.987851977348327637e-01,1.000000000000000000e+00
1.643286573146292562e-01,9.992912411689758301e-01,1.000000000000000000e+00
1.663326653306613223e-01,9.996754527091979980e-01,1.000000000000000000e+00
1.683366733466933607e-01,1.001080632209777832e+00,1.000000000000000000e+00
1.703406813627254268e-01,9.989459514617919922e-01,1.000000000000000000e+00
1.723446893787574929e-01,9.994210004806518555e-01,1.000000000000000000e+00
1.743486973947895591e-01,1.000737547874450684e+00,1.000000000000000000e+00
1.763527054108216252e-01,1.001619696617126465e+00,1.000000000000000000e+00
1.783567134268536913e-01,1.000432372093200684e+00,1.000000000000000000e+00
1.803607214428857575e-01,1.000224590301513672e+00,1.000000000000000000e+00
1.823647294589178236e-01,1.000846028327941895e+00,1.000000000000000000e+00
1.843687374749498897e-01,1.000693321228027344e+00,1.000000000000000000e+00
1.863727454909819559e-01,9.997511506080627441e-01,1.000000000000000000e+00
1.883767535070140220e-01,1.002885222434997559e+00,1.000000000000000000e+00
1.903807615230460881e-01,1.000249862670898438e+00,1.000000000000000000e+00
1.923847695390781265e-01,1.001994013786315918e+00,1.000000000000000000e+00
1.943887775551101926e-01,1.000255942344665527e+00,1.000000000000000000e+00
1.963927855711422588e-01,1.002377748489379883e+00,1.000000000000000000e+00
1.983967935871743249e-01,1.003361225128173828e+00,1.000000000000000000e+00
2.004008016032063910e-01,1.001455545425415039e+00,1.000000000000000000e+00
2.024048096192384572e-01,1.000019550323486328e+00,1.000000000000000000e+00
2.044088176352705233e-01,1.002100467681884766e+00,1.000000000000000000e+00
2.064128256513025894e-01,1.001520276069641113e+00,1.000000000000000000e+00
2.084168336673346555e-01,1.000606179237365723e+00,1.000000000000000000e+00
2.104208416833667217e-01,1.003979802131652832e+00,1.000000000000000000e+00
2.124248496993987878e-01,1.001748323440551758e+00,1.000000000000000000e+00
2.144288577154308539e-01,1.000323891639709473e+00,1.000000000000000000e+00
2.164328657314629201e-01,1.002978444099426270e+00,1.000000000000000000e+00
2.184368737474949584e-01,1.000898003578186035e+00,1.000000000000000000e+00
2.204408817635270246e-01,1.000358939170837402e+00,1.000000000000000000e+00
2.224448897795590907e-01,1.000023126602172852e+00,1.000000000000000000e+00
2.244488977955911568e-01,1.002398610115051270e+00,1.000000000000000000e+00
2.264529058116232230e-01,1.000931978225708008e+00,1.000000000000000000e+00
2.284569138276552891e-01,1.000034451484680176e+00,1.000000000000000000e+00
2.304609218436873552e-01,9.982424378395080566e-01,1.000000000000000000e+00
2.324649298597194214e-01,1.000103116035461426e+00,1.000000000000000000e+00
2.344689378757514875e-01,1.001527905464172363e+00,1.000000000000000000e+00
2.364729458917835536e-01,9.996550679206848145e-01,1.000000000000000000e+00
2.384769539078156197e-01,9.995836019515991211e-01,1.000000000000000000e+00
2.404809619238476859e-01,1.001533985137939453e+00,1.000000000000000000e+00
2.424849699398797520e-01,1.000890970230102539e+00,1.000000000000000000e+00
2.444889779559117904e-01,9.993801116943359375e-01,1.000000000000000000e+00
2.464929859719438565e-01,1.000632405281066895e+00,1.000000000000000000e+00
2.484969939879759226e-01,9.996929168701171875e-01,1.000000000000000000e+00
2.505010020040079888e-01,9.995409846305847168e-01,1.000000000000000000e+00
2.525050100200400549e-01,9.995792508125305176e-01,1.000000000000000000e+00
2.545090180360721210e-01,9.998956322669982910e-01,1.000000000000000000e+00
2.565130260521041872e-01,9.985451102256774902e-01,1.000000000000000000e+00
2.585170340681362533e-01,9.997735023498535156e-01,1.000000000000000000e+00
2.605210420841683194e-01,9.998514652252197266e-01,1.000000000000000000e+00
2.625250501002003856e-01,1.000489115715026855e+00,1.000000000000000000e+00
2.645290581162324517e-01,1.000370979309082031e+00,1.000000000000000000e+00
2.665330661322645178e-01,9.995421171188354492e-01,1.000000000000000000e+00
2.685370741482965840e-01,9.999821186065673828e-01,1.000000000000000000e+00
2.705410821643286501e-01,9.968423843383789062e-01,1.000000000000000000e+00
2.725450901803607162e-01,9.992588758468627930e-01,1.000000000000000000e+00
2.745490981963927823e-01,9.964404702186584473e-01,1.000000000000000000e+00
2.765531062124248485e-01,9.994349479675292969e-01,1.000000000000000000e+00
2.785571142284569146e-01,1.000102043151855469e+00,1.000000000000000000e+00
2.805611222444889807e-01,9.998204112052917480e-01,1.000000000000000000e+00
2.825651302605209914e-01,9.988968372344970703e-01,1.000000000000000000e+00
2.845691382765530575e-01,9.997934103012084961e-01,1.000000000000000000e+00
2.865731462925851236e-01,1.000042676925659180e+00,1.000000000000000000e+00
2.885771543086171897e-01,9.985282421112060547e-01,1.000000000000000000e+00
2.905811623246492559e-01,9.992700815200805664e-01,1.000000000000000000e+00
2.925851703406813220e-01,1.000255465507507324e+00,1.000000000000000000e+00
2.945891783567133881e-01,9.993848204612731934e-01,1.000000000000000000e+00
2.965931863727454543e-01,1.001326799392700195e+00,1.000000000000000000e+00
2.985971943887775204e-01,9.987331628799438477e-01,1.000000000000000000e+00
3.006012024048095865e-01,9.996913671493530273e-01,1.000000000000000000e+00
3.026052104208416527e-01,9.985124468803405762e-01,1.000000000000000000e+00
3.046092184368737188e-01,1.000296473503112793e+00,1.000000000000000000e+00
3.066132264529057849e-01,9.989595413208007812e-01,1.000000000000000000e+00
3.086172344689378511e-01,9.971523284912109375e-01,1.000000000000000000e+00
3.106212424849699172e-01,9.967898130416870117e-01,1.000000000000000000e+00
3.126252505010019833e-01,9.991839528083801270e-01,1.000000000000000000e+00
3.146292585170340494e-01,9.984311461448669434e-01,1.000000000000000000e+00
3.166332665330661156e-01,9.988973736763000488e-01,1.000000000000000000e+00
3.186372745490981817e-01,9.989400506019592285e-01,1.000000000000000000e+00
3.206412825651302478e-01,9.982379078865051270e-01,1.000000000000000000e+00
3.226452905811623140e-01,1.000738024711608887e+00,1.000000000000000000e+00
3.246492985971943801e-01,9.992374181747436523e-01,1.000000000000000000e+00
3.266533066132264462e-01,9.990002512931823730e-01,1.000000000000000000e+00
3.286573146292585124e-01,9.985747933387756348e-01,1.000000000000000000e+00
3.306613226452905785e-01,1.000357151031494141e+00,1.000000000000000000e+00
3.326653306613226446e-01,9.987221360206604004e-01,1.000000000000000000e+00
3.346693386773546552e-01,9.997478127479553223e-01,1.000000000000000000e+00
3.366733466933867214e-01,9.994253516197204590e-01,1.000000000000000000e+00
3.386773547094187875e-01,9.986358880996704102e-01,1.000000000000000000e+00
3.406813627254508536e-01,9.996916651725769043e-01,1.000000000000000000e+00
3.426853707414829198e-01,9.995507001876831055e-01,1.000000000000000000e+00
3.446893787575149859e-01,9.977794885635375977e-01,1.000000000000000000e+00
3.466933867735470520e-01,9.991775751113891602e-01,1.000000000000000000e+00
3.486973947895791182e-01,9.994180202484130859e-01,1.000000000000000000e+00
3.507014028056111843e-01,9.990672469139099121e-01,1.000000000000000000e+00
3.527054108216432504e-01,1.000075340270996094e+00,1.000000000000000000e+00
3.547094188376753165e-01,9.999791979789733887e-01,1.000000000000000000e+00
3.567134268537073827e-01,1.002278447151184082e+00,1.000000000000000000e+00
3.587174348697394488e-01,1.002983808517456055e+00,1.000000000000000000e+00
3.607214428857715149e-01,1.000264167785644531e+00,1.000000000000000000e+00
3.627254509018035811e-01,9.990971088409423828e-01,1.000000000000000000e+00
3.647294589178356472e-01,1.000745773315429688e+00,1.000000000000000000e+00
3.667334669338677133e-01,1.001787304878234863e+00,1.000000000000000000e+00
3.687374749498997795e-01,1.001199960708618164e+00,1.000000000000000000e+00
3.707414829659318456e-01,1.000090241432189941e+00,1.000000000000000000e+00
3.727454909819639117e-01,1.001898169517517090e+00,1.000000000000000000e+00
3.747494989979959779e-01,1.002760767936706543e+00,1.000000000000000000e+00
3.767535070140280440e-01,1.000963687896728516e+00,1.000000000000000000e+00
3.787575150300601101e-01,1.003131389617919922e+00,1.000000000000000000e+00
3.807615230460921762e-01,1.000456452369689941e+00,1.000000000000000000e+00
3.827655310621242424e-01,1.002054810523986816e+00,1.000000000000000000e+00
3.847695390781562530e-01,1.000654578208923340e+00,1.000000000000000000e+00
3.867735470941883191e-01,9.998247623443603516e-01,1.000000000000000000e+00
3.887775551102203853e-01,1.000382184982299805e+00,1.000000000000000000e+00
3.907815631262524514e-01,1.000467538833618164e+00,1.000000000000000000e+00
3.927855711422845175e-01,1.003601670265197754e+00,1.000000000000000000e+00
3.947895791583165837e-01,1.001772046089172363e+00,1.000000000000000000e+00
3.967935871743486498e-01,1.001895070075988770e+00,1.000000000000000000e+00
3.987975951903807159e-01,1.001432180404663086e+00,1.000000000000000000e+00
4.008016032064127820e-01,9.999257326126098633e-01,1.000000000000000000e+00
4.028056112224448482e-01,9.990960955619812012e-01,1.000000000000000000e+00
4.048096192384769143e-01,1.001007914543151855e+00,1.000000000000000000e+00
4.068136272545089804e-01,9.992958307266235352e-01,1.000000000000000000e+00
4.088176352705410466e-01,1.000345110893249512e+00,1.000000000000000000e+00
4.108216432865731127e-01,9.994655847549438477e-01,1.000000000000000000e+00
4.128256513026051788e-01,1.000511527061462402e+00,1.000000000000000000e+00
4.148296593186372450e-01,1.001967668533325195e+00,1.000000000000000000e+00
4.168336673346693111e-01,9.997949004173278809e-01,1.000000000000000000e+00
4.188376753507013772e-01,9.984332919120788574e-01,1.000000000000000000e+00
4.208416833667334433e-01,1.000262618064880371e+00,1.000000000000000000e+00
4.228456913827655095e-01,9.978293776512145996e-01,1.000000000000000000e+00
4.248496993987975756e-01,9.995329976081848145e-01,1.000000000000000000e+00
4.268537074148296417e-01,9.989143013954162598e-01,1.000000000000000000e+00
4.288577154308617079e-01,1.000127196311950684e+00,1.000000000000000000e+00
4.308617234468937740e-01,1.000414729118347168e+00,1.000000000000000000e+00
4.328657314629258401e-01,9.992688894271850586e-01,1.000000000000000000e+00
4.348697394789579063e-01,1.002233505249023438e+00,1.000000000000000000e+00
4.368737474949899169e-01,1.002300858497619629e+00,1.000000000000000000e+00
4.388777555110219830e-01,9.993601441383361816e-01,1.000000000000000000e+00
4.408817635270540491e-01,9.983592629432678223e-01,1.000000000000000000e+00
4.428857715430861153e-01,9.985827207565307617e-01,1.000000000000000000e+00
4.448897795591181814e-01,9.974741339683532715e-01,1.000000000000000000e+00
4.468937875751502475e-01,9.975765943527221680e-01,1.000000000000000000e+00
4.488977955911823137e-01,9.986002445220947266e-01,1.000000000000000000e+00
4.509018036072143798e-01,9.978932142257690430e-01,1.000000000000000000e+00
4.529058116232464459e-01,9.982764720916748047e-01,1.000000000000000000e+00
4.549098196392785121e-01,9.973950982093811035e-01,1.000000000000000000e+00
4.569138276553105782e-01,9.943816661834716797e-01,1.000000000000000000e+00
4.589178356713426443e-01,9.913702607154846191e-01,1.000000000000000000e+00
4.609218436873747105e-01,9.911081194877624512e-01,1.000000000000000000e+00
4.629258517034067766e-01,9.917054176330566406e-01,1.000000000000000000e+00
4.649298597194388427e-01,9.913335442543029785e-01,1.000000000000000000e+00
4.669338677354709088e-01,9.892125725746154785e-01,1.000000000000000000e+00
4.689378757515029750e-01,9.897489547729492188e-01,1.000000000000000000e+00
4.709418837675350411e-01,9.890881180763244629e-01,1.000000000000000000e+00
4.729458917835671072e-01,9.893525242805480957e-01,1.000000000000000000e+00
4.749498997995991734e-01,9.884791374206542969e-01,1.000000000000000000e+00
4.769539078156312395e-01,9.904755353927612305e-01,1.000000000000000000e+00
4.789579158316633056e-01,9.900820851325988770e-01,1.000000000000000000e+00
4.809619238476953718e-01,9.886848926544189453e-01,1.000000000000000000e+00
4.829659318637274379e-01,9.867036938667297363e-01,1.000000000000000000e+00
4.849699398797595040e-01,9.877042174339294434e-01,1.000000000000000000e+00
4.869739478957915702e-01,9.877914786338806152e-01,1.000000000000000000e+00
4.889779559118235808e-01,9.865754842758178711e-01,1.000000000000000000e+00
4.909819639278556469e-01,9.867725968360900879e-01,1.000000000000000000e+00
4.929859719438877130e-01,9.876232743263244629e-01,1.000000000000000000e+00
4.949899799599197792e-01,9.873337745666503906e-01,1.000000000000000000e+00
4.969939879759518453e-01,9.865602254867553711e-01,1.000000000000000000e+00
4.989979959919839114e-01,9.867317080497741699e-01,1.000000000000000000e+00
5.010020040080159776e-01,9.865778684616088867e-01,1.000000000000000000e+00
5.030060120240480437e-01,9.873522520065307617e-01,1.000000000000000000e+00
5.050100200400801098e-01,9.883270263671875000e-01,1.000000000000000000e+00
5.070140280561121759e-01,9.865225553512573242e-01,1.000000000000000000e+00
5.090180360721442421e-01,9.870636463165283203e-01,1.000000000000000000e+00
5.110220440881763082e-01,9.872811436653137207e-01,1.000000000000000000e+00
5.130260521042083743e-01,9.855482578277587891e-01,1.000000000000000000e+00
5.150300601202404405e-01,9.870343804359436035e-01,1.000000000000000000e+00
5.170340681362725066e-01,9.871250391006469727e-01,1.000000000000000000e+00
5.190380761523045727e-01,9.876055121421813965e-01,1.000000000000000000e+00
5.210420841683366389e-01,9.892387986183166504e-01,1.000000000000000000e+00
5.230460921843687050e-01,9.868688583374023438e-01,1.000000000000000000e+00
5.250501002004007711e-01,9.878916144371032715e-01,1.000000000000000000e+00
5.270541082164328373e-01,9.877616167068481445e-01,1.000000000000000000e+00
5.290581162324649034e-01,9.873848557472229004e-01,1.000000000000000000e+00
5.310621242484969695e-01,9.871121644973754883e-01,1.000000000000000000e+00
5.330661322645290356e-01,9.855185151100158691e-01,1.000000000000000000e+00
5.350701402805611018e-01,9.859135150909423828e-01,1.000000000000000000e+00
5.370741482965931679e-01,9.859583377838134766e-01,1.000000000000000000e+00
5.390781563126252340e-01,9.857889413833618164e-01,1.000000000000000000e+00
5.410821643286573002e-01,9.852011203765869141e-01,1.000000000000000000e+00
5.430861723446893663e-01,9.859704375267028809e-01,1.000000000000000000e+00
5.450901803607214324e-01,9.855159521102905273e-01,1.000000000000000000e+00
5.470941883767534986e-01,9.837653040885925293e-01,1.000000000000000000e+00
5.490981963927855647e-01,9.854482412338256836e-01,1.000000000000000000e+00
5.511022044088176308e-01,9.853193163871765137e-01,1.000000000000000000e+00
5.531062124248496970e-01,9.861611723899841309e-01,1.000000000000000000e+00
5.551102204408817631e-01,9.884417653083801270e-01,1.000000000000000000e+00
5.571142284569138292e-01,9.876900911331176758e-01,1.000000000000000000e+00
5.591182364729458953e-01,9.896988272666931152e-01,1.000000000000000000e+00
5.611222444889779615e-01,9.872811436653137207e-01,1.000000000000000000e+00
5.631262525050100276e-01,9.901548027992248535e-01,1.000000000000000000e+00
5.651302605210419827e-01,9.907723665237426758e-01,1.000000000000000000e+00
5.671342685370740488e-01,9.912366271018981934e-01,1.000000000000000000e+00
5.691382765531061150e-01,9.910145401954650879e-01,1.000000000000000000e+00
5.711422845691381811e-01,9.907156229019165039e-01,1.000000000000000000e+00
5.731462925851702472e-01,9.908266067504882812e-01,1.000000000000000000e+00
5.751503006012023134e-01,9.907316565513610840e-01,1.000000000000000000e+00
5.771543086172343795e-01,9.925310015678405762e-01,1.000000000000000000e+00
5.791583166332664456e-01,9.896721839904785156e-01,1.000000000000000000e+00
5.811623246492985118e-01,9.928433299064636230e-01,1.000000000000000000e+00
5.831663326653305779e-01,9.950718879699707031e-01,1.000000000000000000e+00
5.851703406813626440e-01,9.935625195503234863e-01,1.000000000000000000e+00
5.871743486973947102e-01,9.956132769584655762e-01,1.000000000000000000e+00
5.891783567134267763e-01,9.963020086288452148e-01,1.000000000000000000e+00
5.911823647294588424e-01,9.986984133720397949e-01,1.000000000000000000e+00
5.931863727454909085e-01,9.975718855857849121e-01,1.000000000000000000e+00
5.951903807615229747e-01,9.977340698242187500e-01,1.000000000000000000e+00
5.971943887775550408e-01,9.983667135238647461e-01,1.000000000000000000e+00
5.991983967935871069e-01,9.992646574974060059e-01,1.000000000000000000e+00
6.012024048096191731e-01,9.982292056083679199e-01,1.000000000000000000e+00
6.032064128256512392e-01,9.977082014083862305e-01,1.000000000000000000e+00
6.052104208416833053e-01,9.989659786224365234e-01,1.000000000000000000e+00
6.072144288577153715e-01,9.982447028160095215e-01,1.000000000000000000e+00
6.092184368737474376e-01,9.991189837455749512e-01,1.000000000000000000e+00
6.112224448897795037e-01,9.990758895874023438e-01,1.000000000000000000e+00
6.132264529058115698e-01,9.984397292137145996e-01,1.000000000000000000e+00
6.152304609218436360e-01,9.993469119071960449e-01,1.000000000000000000e+00
6.172344689378757021e-01,9.992771744728088379e-01,1.000000000000000000e+00
6.192384769539077682e-01,9.966078400611877441e-01,1.000000000000000000e+00
6.212424849699398344e-01,1.000112652778625488e+00,1.000000000000000000e+00
6.232464929859719005e-01,9.979737401008605957e-01,1.000000000000000000e+00
6.252505010020039666e-01,9.980183839797973633e-01,1.000000000000000000e+00
6.272545090180360328e-01,9.966348409652709961e-01,1.000000000000000000e+00
6.292585170340680989e-01,9.962114095687866211e-01,1.000000000000000000e+00
6.312625250501001650e-01,9.994668960571289062e-01,1.000000000000000000e+00
6.332665330661322312e-01,9.982091188430786133e-01,1.000000000000000000e+00
6.352705410821642973e-01,9.985051751136779785e-01,1.000000000000000000e+00
6.372745490981963634e-01,9.978098869323730469e-01,1.000000000000000000e+00
6.392785571142284295e-01,9.964859485626220703e-01,1.000000000000000000e+00
6.412825651302604957e-01,9.971700310707092285e-01,1.000000000000000000e+00
6.432865731462925618e-01,9.978029131889343262e-01,1.000000000000000000e+00
6.452905811623246279e-01,9.978675842285156250e-01,1.000000000000000000e+00
6.472945891783566941e-01,9.985526204109191895e-01,1.000000000000000000e+00
6.492985971943887602e-01,1.000046849250793457e+00,1.000000000000000000e+00
6.513026052104208263e-01,9.986335039138793945e-01,1.000000000000000000e+00
6.533066132264528925e-01,9.984167814254760742e-01,1.000000000000000000e+00
6.553106212424849586e-01,9.994539618492126465e-01,1.000000000000000000e+00
6.573146292585170247e-01,1.000338554382324219e+00,1.000000000000000000e+00
6.593186372745490909e-01,9.997195005416870117e-01,1.000000000000000000e+00
6.613226452905811570e-01,1.000294923782348633e+00,1.000000000000000000e+00
6.633266533066132231e-01,1.001474261283874512e+00,1.000000000000000000e+00
6.653306613226452892e-01,1.000768780708312988e+00,1.000000000000000000e+00
6.673346693386772444e-01,9.999958872795104980e-01,1.000000000000000000e+00
6.693386773547093105e-01,9.975120425224304199e-01,1.000000000000000000e+00
6.713426853707413766e-01,9.995519518852233887e-01,1.000000000000000000e+00
6.733466933867734427e-01,1.000436305999755859e+00,1.000000000000000000e+00
6.753507014028055089e-01,1.001041531562805176e+00,1.000000000000000000e+00
6.773547094188375750e-01,1.000180721282958984e+00,1.000000000000000000e+00
6.793587174348696411e-01,1.001681089401245117e+00,1.000000000000000000e+00
6.813627254509017073e-01,1.000407457351684570e+00,1.000000000000000000e+00
6.833667334669337734e-01,1.001608967781066895e+00,1.000000000000000000e+00
6.853707414829658395e-01,9.998388290405273438e-01,1.000000000000000000e+00
6.873747494989979057e-01,1.001104593276977539e+00,1.000000000000000000e+00
6.893787575150299718e-01,1.000900506973266602e+00,1.000000000000000000e+00
6.913827655310620379e-01,1.001591920852661133e+00,1.000000000000000000e+00
6.933867735470941041e-01,1.001010775566101074e+00,1.000000000000000000e+00
6.953907815631261702e-01,1.001825332641601562e+00,1.000000000000000000e+00
6.973947895791582363e-01,1.001273036003112793e+00,1.000000000000000000e+00
6.993987975951903024e-01,1.002429008483886719e+00,1.000000000000000000e+00
7.014028056112223686e-01,1.000605702400207520e+00,1.000000000000000000e+00
7.034068136272544347e-01,1.002214193344116211e+00,1.000000000000000000e+00
7.054108216432865008e-01,1.001461029052734375e+00,1.000000000000000000e+00
7.074148296593185670e-01,1.003155112266540527e+00,1.000000000000000000e+00
7.094188376753506331e-01,1.001880645751953125e+00,1.000000000000000000e+00
7.114228456913826992e-01,1.002956509590148926e+00,1.000000000000000000e+00
7.134268537074147654e-01,1.003263235092163086e+00,1.000000000000000000e+00
7.154308617234468315e-01,1.002328276634216309e+00,1.000000000000000000e+00
7.174348697394788976e-01,1.003003597259521484e+00,1.000000000000000000e+00
7.194388777555109638e-01,1.004002332687377930e+00,1.000000000000000000e+00
7.214428857715430299e-01,1.001896619796752930e+00,1.000000000000000000e+00
7.234468937875750960e-01,1.000519275665283203e+00,1.000000000000000000e+00
7.254509018036071621e-01,1.001004934310913086e+00,1.000000000000000000e+00
7.274549098196392283e-01,1.001926541328430176e+00,1.000000000000000000e+00
7.294589178356712944e-01,1.002214431762695312e+00,1.000000000000000000e+00
7.314629258517033605e-01,1.001692533493041992e+00,1.000000000000000000e+00
7.334669338677354267e-01,1.001893401145935059e+00,1.000000000000000000e+00
7.354709418837674928e-01,1.002557754516601562e+00,1.000000000000000000e+00
7.374749498997995589e-01,1.000672459602355957e+00,1.000000000000000000e+00
7.394789579158316251e-01,1.003754377365112305e+00,1.000000000000000000e+00
7.414829659318636912e-01,1.002518534660339355e+00,1.000000000000000000e+00
7.434869739478957573e-01,1.002505064010620117e+00,1.000000000000000000e+00
7.454909819639278235e-01,1.003576397895812988e+00,1.000000000000000000e+00
7.474949899799598896e-01,1.002370715141296387e+00,1.000000000000000000e+00
7.494989979959919557e-01,1.002486705780029297e+00,1.000000000000000000e+00
7.515030060120240218e-01,1.001111268997192383e+00,1.000000000000000000e+00
7.535070140280560880e-01,1.001347064971923828e+00,1.000000000000000000e+00
7.555110220440881541e-01,1.002149105072021484e+00,1.000000000000000000e+00
7.575150300601202202e-01,1.000034213066101074e+00,1.000000000000000000e+00
7.595190380761522864e-01,1.002398848533630371e+00,1.000000000000000000e+00
7.615230460921843525e-01,1.000223875045776367e+00,1.000000000000000000e+00
7.635270541082164186e-01,1.000921368598937988e+00,1.000000000000000000e+00
7.655310621242484848e-01,9.995346665382385254e-01,1.000000000000000000e+00
7.675350701402805509e-01,9.998346567153930664e-01,1.000000000000000000e+00
7.695390781563125060e-01,1.000550866127014160e+00,1.000000000000000000e+00
7.715430861723445721e-01,9.984764456748962402e-01,1.000000000000000000e+00
7.735470941883766383e-01,9.980159997940063477e-01,1.000000000000000000e+00
7.755511022044087044e-01,9.987771511077880859e-01,1.000000000000000000e+00
7.775551102204407705e-01,9.978824257850646973e-01,1.000000000000000000e+00
7.795591182364728366e-01,1.000319123268127441e+00,1.000000000000000000e+00
7.815631262525049028e-01,9.985669851303100586e-01,1.000000000000000000e+00
7.835671342685369689e-01,9.990710616111755371e-01,1.000000000000000000e+00
7.855711422845690350e-01,9.990500807762145996e-01,1.000000000000000000e+00
7.875751503006011012e-01,9.986683726310729980e-01,1.000000000000000000e+00
7.895791583166331673e-01,9.987301230430603027e-01,1.000000000000000000e+00
7.915831663326652334e-01,1.001422882080078125e+00,1.000000000000000000e+00
7.935871743486972996e-01,1.001636385917663574e+00,1.000000000000000000e+00
7.955911823647293657e-01,9.994950890541076660e-01,1.000000000000000000e+00
7.975951903807614318e-01,1.000502228736877441e+00,1.000000000000000000e+00
7.995991983967934980e-01,1.001668214797973633e+00,1.000000000000000000e+00
8.016032064128255641e-01,1.000362992286682129e+00,1.000000000000000000e+00
8.036072144288576302e-01,1.000025749206542969e+00,1.000000000000000000e+00
8.056112224448896963e-01,1.000774145126342773e+00,1.000000000000000000e+00
8.076152304609217625e-01,1.000937700271606445e+00,1.000000000000000000e+00
8.096192384769538286e-01,1.001382350921630859e+00,1.000000000000000000e+00
8.116232464929858947e-01,1.002335906028747559e+00,1.000000000000000000e+00
8.136272545090179609e-01,1.001678228378295898e+00,1.000000000000000000e+00
8.156312625250500270e-01,1.002583742141723633e+00,1.000000000000000000e+00
8.176352705410820931e-01,1.001467108726501465e+00,1.000000000000000000e+00
8.196392785571141593e-01,1.003034710884094238e+00,1.000000000000000000e+00
8.216432865731462254e-01,1.000371456146240234e+00,1.000000000000000000e+00
8.236472945891782915e-01,1.002238869667053223e+00,1.000000000000000000e+00
8.256513026052103577e-01,9.997770786285400391e-01,1.000000000000000000e+00
8.276553106212424238e-01,1.001402139663696289e+00,1.000000000000000000e+00
8.296593186372744899e-01,1.001989364624023438e+00,1.000000000000000000e+00
8.316633266533065560e-01,1.000601410865783691e+00,1.000000000000000000e+00
8.336673346693386222e-01,1.000191330909729004e+00,1.000000000000000000e+00
8.356713426853706883e-01,1.001541137695312500e+00,1.000000000000000000e+00
8.376753507014027544e-01,1.001298666000366211e+00,1.000000000000000000e+00
8.396793587174348206e-01,1.000620722770690918e+00,1.000000000000000000e+00
8.416833667334668867e-01,1.000310659408569336e+00,1.000000000000000000e+00
8.436873747494989528e-01,1.001196742057800293e+00,1.000000000000000000e+00
8.456913827655310190e-01,1.002627611160278320e+00,1.000000000000000000e+00
8.476953907815630851e-01,1.000922918319702148e+00,1.000000000000000000e+00
8.496993987975951512e-01,1.002004384994506836e+00,1.000000000000000000e+00
8.517034068136272174e-01,9.997579455375671387e-01,1.000000000000000000e+00
8.537074148296592835e-01,1.001514911651611328e+00,1.000000000000000000e+00
8.557114228456913496e-01,1.000971436500549316e+00,1.000000000000000000e+00
8.577154308617234157e-01,1.000729560852050781e+00,1.000000000000000000e+00
8.597194388777554819e-01,1.001549363136291504e+00,1.000000000000000000e+00
8.617234468937875480e-01,1.000496029853820801e+00,1.000000000000000000e+00
8.637274549098196141e-01,1.001885533332824707e+00,1.000000000000000000e+00
8.657314629258516803e-01,1.000435709953308105e+00,1.000000000000000000e+00
8.677354709418837464e-01,9.987782239913940430e-01,1.000000000000000000e+00
8.697394789579158125e-01,9.991644620895385742e-01,1.000000000000000000e+00
8.717434869739478787e-01,9.993342161178588867e-01,1.000000000000000000e+00
8.737474949899798338e-01,1.001521587371826172e+00,1.000000000000000000e+00
8.757515030060118999e-01,1.001232504844665527e+00,1.000000000000000000e+00
8.777555110220439660e-01,1.000119686126708984e+00,1.000000000000000000e+00
8.797595190380760322e-01,1.001181960105895996e+00,1.000000000000000000e+00
8.817635270541080983e-01,1.002104759216308594e+00,1.000000000000000000e+00
8.837675350701401644e-01,9.998145699501037598e-01,1.000000000000000000e+00
8.857715430861722306e-01,1.001843929290771484e+00,1.000000000000000000e+00
8.877755511022042967e-01,1.002188205718994141e+00,1.000000000000000000e+00
8.897795591182363628e-01,1.000026106834411621e+00,1.000000000000000000e+00
8.917835671342684289e-01,1.001043796539306641e+00,1.000000000000000000e+00
8.937875751503004951e-01,9.995496273040771484e-01,1.000000000000000000e+00
8.957915831663325612e-01,1.001755475997924805e+00,1.000000000000000000e+00
8.977955911823646273e-01,1.000654220581054688e+00,1.000000000000000000e+00
8.997995991983966935e-01,9.994131326675415039e-01,1.000000000000000000e+00
9.018036072144287596e-01,1.000735640525817871e+00,1.000000000000000000e+00
9.038076152304608257e-01,1.000686526298522949e+00,1.000000000000000000e+00
9.058116232464928919e-01,1.001032590866088867e+00,1.000000000000000000e+00
9.078156312625249580e-01,9.995762705802917480e-01,1.000000000000000000e+00
9.098196392785570241e-01,1.002516388893127441e+00,1.000000000000000000e+00
9.118236472945890903e-01,1.001379251480102539e+00,1.000000000000000000e+00
9.138276553106211564e-01,1.000647664070129395e+00,1.000000000000000000e+00
9.158316633266532225e-01,1.002676129341125488e+00,1.000000000000000000e+00
9.178356713426852886e-01,1.001052498817443848e+00,1.000000000000000000e+00
9.198396793587173548e-01,9.995355010032653809e-01,1.000000000000000000e+00
9.218436873747494209e-01,1.000087618827819824e+00,1.000000000000000000e+00
9.238476953907814870e-01,1.001696944236755371e+00,1.000000000000000000e+00
9.258517034068135532e-01,1.001598834991455078e+00,1.000000000000000000e+00
9.278557114228456193e-01,1.001577734947204590e+00,1.000000000000000000e+00
9.298597194388776854e-01,1.000621795654296875e+00,1.000000000000000000e+00
9.318637274549097516e-01,1.000817656517028809e+00,1.000000000000000000e+00
9.338677354709418177e-01,1.000292539596557617e+00,1.000000000000000000e+00
9.358717434869738838e-01,1.000532507896423340e+00,1.000000000000000000e+00
9.378757515030059499e-01,1.001064300537109375e+00,1.000000000000000000e+00
9.398797595190380161e-01,1.002690792083740234e+00,1.000000000000000000e+00
9.418837675350700822e-01,1.001697540283203125e+00,1.000000000000000000e+00
9.438877755511021483e-01,9.995944499969482422e-01,1.000000000000000000e+00
9.458917835671342145e-01,1.000843286514282227e+00,1.000000000000000000e+00
9.478957915831662806e-01,1.000590324401855469e+00,1.000000000000000000e+00
9.498997995991983467e-01,1.001576781272888184e+00,1.000000000000000000e+00
9.519038076152304129e-01,1.002980470657348633e+00,1.000000000000000000e+00
9.539078156312624790e-01,9.996499419212341309e-01,1.000000000000000000e+00
9.559118236472945451e-01,9.994477629661560059e-01,1.000000000000000000e+00
9.579158316633266113e-01,9.994021654129028320e-01,1.000000000000000000e+00
9.599198396793586774e-01,1.000940561294555664e+00,1.000000000000000000e+00
9.619238476953907435e-01,1.000339269638061523e+00,1.000000000000000000e+00
9.639278557114228096e-01,1.002120614051818848e+00,1.000000000000000000e+00
9.659318637274548758e-01,9.993944764137268066e-01,1.000000000000000000e+00
9.679358717434869419e-01,1.001454830169677734e+00,1.000000000000000000e+00
9.699398797595190080e-01,1.000561594963073730e+00,1.000000000000000000e+00
9.719438877755510742e-01,1.001599192619323730e+00,1.000000000000000000e+00
9.739478957915831403e-01,1.000316977500915527e+00,1.000000000000000000e+00
9.759519038076150954e-01,9.998388886451721191e-01,1.000000000000000000e+00
9.779559118236471615e-01,9.993602633476257324e-01,1.000000000000000000e+00
9.799599198396792277e-01,1.001827359199523926e+00,1.000000000000000000e+00
9.819639278557112938e-01,1.000344872474670410e+00,1.000000000000000000e+00
9.839679358717433599e-01,9.991309642791748047e-01,1.000000000000000000e+00
9.859719438877754261e-01,9.995663166046142578e-01,1.000000000000000000e+00
9.879759519038074922e-01,1.000293016433715820e+00,1.000000000000000000e+00
9.899799599198395583e-01,1.000559568405151367e+00,1.000000000000000000e+00
9.919839679358716245e-01,1.000378489494323730e+00,1.000000000000000000e+00
9.939879759519036906e-01,1.000267863273620605e+00,1.000000000000000000e+00
9.959919839679357567e-01,1.000666499137878418e+00,1.000000000000000000e+00
9.979959919839678228e-01,1.001934647560119629e+00,1.000000000000000000e+00
1.000000000000000000e+00,1.000314950942993164e+00,1.000000000000000000e+00
